MAE,MSE,MAPE
878.8451218688125,776974.7819225237,16.275970023567233
